<?xml version="1.0" encoding="UTF-8" standalone="yes"?>
<addon id="repository.bisto" name="repo bisto" version="0.0.1" provider-name="gravy">
	<extension point="xbmc.addon.repository" name="repo bisto">
		<dir>
			<info compressed="false">https://raw.githubusercontent.com/noobsandnerds/modules4all/master/zips/addons.xml</info>
			<checksum>https://raw.githubusercontent.com/noobsandnerds/modules4all/master/zips/addons.xml.md5</checksum>
			<datadir zip="true">https://raw.githubusercontent.com/noobsandnerds/modules4all/master/zips/</datadir>
		</dir>
		<info compressed="false">https://raw.githubusercontent.com/colvey73/repository.bisto/master/zips/addons.xml</info>
		<checksum>https://raw.githubusercontent.com/colvey73/repository.bisto/master/zips/addons.xml.md5</checksum>
		<datadir zip="true">https://raw.githubusercontent.com/colvey73/repository.bisto/master/zips/</datadir>
	</extension>
	<extension point="xbmc.addon.metadata">
		<summary lang="en">colvey</summary>
		<description lang="en">colvey</description>
		<genre>uk</genre>
	</extension>
</addon>